sutun,eksik_sayi,eksik_yuzde
Alerji,944,42.23713646532439
KanGrubu,675,30.201342281879196
KronikHastalik,611,27.33780760626398
UygulamaYerleri,221,9.88814317673378
Cinsiyet,169,7.56152125279642
Tanilar,75,3.3557046979865772
Bolum,11,0.4921700223713647
